10,"['8ed1e8', '908b9f', 'd23678', 'debdb6', 'f3f8fb', 'f6e7e1']","[0.0312, 0.0156, 0.0312, 0.0312, 0.0156, 0.0156, 0.0312, 0.0156, 0.0156, 0.0156]"
11,"['8cd1e9', '9a93a9', 'c4d7e2', 'c74478', 'e9c3a0', 'f9f1ee']","[0.0312, 0.0312, 0.0156, 0.0312, 0.0156, 0.0312, 0.0312, 0.0312, 0.0312, 0.0156]"
12,"['8bc8e3', 'b12b66', 'bbd1e2', 'efc5a4', 'f8e9e4', 'fcfdfe']","[0.0156, 0.0156, 0.0312, 0.0156, 0.0156, 0.0312, 0.0156, 0.0312, 0.0312, 0.0312]"
13,"['68425b', '8ea782', '91cde6', 'd5407a', 'd9c0af', 'f5edeb']","[0.0312, 0.0312, 0.0312, 0.0312, 0.0312, 0.0156, 0.0312, 0.0156, 0.0312, 0.0468]"
14,"['8b8c98', '8ed2ea', 'b32867', 'ccd1dc', 'ebae95', 'f7edea']","[0.0312, 0.0156, 0.0312, 0.0312, 0.0468, 0.0312, 0.0312, 0.0156, 0.0624, 0.0468]"
15,"['617750', '90cee5', 'b3959d', 'c53872', 'd6dde6', 'fbece5']","[0.0312, 0.0468, 0.0468, 0.0624, 0.0312, 0.0624, 0.078, 0.0468, 0.0312, 0.0312]"
16,"['91d1e7', 'a593a3', 'c2316f', 'cedde9', 'fadfcf', 'fbfbfc']","[0.078, 0.0624, 0.0468, 0.0468, 0.078, 0.0468, 0.0468, 0.0468, 0.0468, 0.0468]"
17,"['8dcce4', 'a15f86', 'b4cee2', 'e0e3ea', 'e3bba2', 'fbf0eb']","[0.0468, 0.0468, 0.0468, 0.078, 0.078, 0.0312, 0.078, 0.0624, 0.0468, 0.156]"
18,"['754d6a', '8cd0e8', '9d9eae', 'd4d2d4', 'e66f80', 'faf0ed']","[0.0312, 0.078, 0.0312, 0.0468, 0.0312, 0.0624, 0.0468, 0.0312, 0.0468, 0.0468]"
19,"['8fc8e0', '9cb552', 'b83675', 'dce0e9', 'e5b9a3', 'fcf2ed']","[0.0468, 0.1092, 0.0312, 0.0624, 0.1248, 0.0624, 0.0624, 0.078, 0.0624, 0.1092]"
20,"['718082', '92d3e9', '9e9cb5', 'c43470', 'e2c3b2', 'f5eeeb']","[0.156, 0.0624, 0.078, 0.156, 0.1248, 0.0468, 0.0312, 0.0936, 0.0312, 0.1092]"
21,"['7d8393', '8fd2e9', 'c43371', 'c8ccd5', 'dfad8b', 'f9efeb']","[0.0936, 0.0936, 0.0624, 0.0936, 0.1404, 0.0936, 0.1716, 0.156, 0.0624, 0.0936]"
22,"['8fcae2', 'a84b7a', 'c5d1df', 'd7af87', 'f8fbfd', 'f9e6de']","[0.1092, 0.1092, 0.078, 0.0624, 0.078, 0.1248, 0.1092, 0.2028, 0.078, 0.0936]"
23,"['8ed1e7', 'b2396e', 'baa79d', 'd1dae7', 'fafbfc', 'fbe6db']","[0.156, 0.1716, 0.078, 0.1404, 0.1248, 0.0624, 0.0936, 0.0936, 0.1716, 0.0936]"
24,"['7c858b', '90d1e8', 'c93273', 'd3b2ab', 'f3e5e1', 'fafcfd']","[0.078, 0.1248, 0.0936, 0.0936, 0.0468, 0.0624, 0.0468, 0.0468, 0.1248, 0.0936]"
25,"['8ec6de', 'ab4d7a', 'cdd8e3', 'e3b590', 'fae6de', 'fbfcfd']","[0.2652, 0.1092, 0.156, 0.078, 0.1404, 0.0936, 0.2028, 0.1872, 0.2808, 0.078]"
26,"['878f9f', '90d1e9', 'c1346f', 'd0d3dc', 'edbb98', 'f9eeea']","[0.0936, 0.1092, 0.1092, 0.1248, 0.078, 0.1872, 0.1248, 0.156, 0.1248, 0.1872]"
27,"['838481', '8ed2e9', '9fa7c4', 'c63472', 'e8baa3', 'f4edeb']","[0.078, 0.0936, 0.1248, 0.1716, 0.0936, 0.156, 0.1404, 0.1248, 0.1404, 0.1248]"
28,"['89919b', '8ed0e7', 'bf3670', 'ceccd3', 'e9b295', 'f7efec']","[0.156, 0.1716, 0.0936, 0.1404, 0.1716, 0.2808, 0.1716, 0.156, 0.1092, 0.1716]"
29,"['888f9c', '92d0e7', 'bc3670', 'dcbaa7', 'f3f8fb', 'f7e5de']","[0.1248, 0.2028, 0.1716, 0.1248, 0.1092, 0.2652, 0.0936, 0.3276, 0.1872, 0.2964]"
30,"['8b8f9e', '8ed0e7', 'c83773', 'ccd7e3', 'ebbb9a', 'f9efeb']","[0.2652, 0.078, 0.1716, 0.0936, 0.4212, 0.3432, 0.1404, 0.0936, 0.1716, 0.234]"
31,"['834a62', '8d99a4', '98d1e7', 'd43c7b', 'e3baa0', 'f6edea']","[0.1404, 0.2028, 0.4056, 0.2964, 0.1716, 0.2652, 0.1248, 0.1092, 0.1092, 0.2652]"
32,"['7f8b9c', '91d2e8', 'c13972', 'c8c1c9', 'e3b191', 'f7eeeb']","[0.2652, 0.1248, 0.156, 0.1716, 0.234, 0.3276, 0.2184, 0.156, 0.1716, 0.3744]"
33,"['8bcce4', 'aa4a7a', 'c6bcc3', 'd4a989', 'd9e7f1', 'fcf0ea']","[0.3432, 0.4524, 0.2028, 0.156, 0.2496, 0.2808, 0.234, 0.3432, 0.2184, 0.156]"
34,"['8fcbe3', 'a95380', 'd7e4ef', 'ddb186', 'ddcac8', 'fcf0eb']","[0.2184, 0.234, 0.1404, 0.2184, 0.0936, 0.156, 0.312, 0.1248, 0.2184, 0.234]"
35,"['8b909b', '93395d', '93d0e7', 'da3b7e', 'e1b79d', 'f5ece9']","[0.234, 0.234, 0.1872, 0.312, 0.1872, 0.1872, 0.3276, 0.2652, 0.312, 0.234]"
36,"['838b99', '8ed0e7', 'c8d5e1', 'ca3973', 'e3b499', 'f9efeb']","[0.1248, 0.2496, 0.1716, 0.4212, 0.1716, 0.4836, 0.312, 0.1872, 0.3744, 0.2808]"
37,"['808488', '92cee5', 'c63874', 'ddb7a1', 'f3e5e1', 'fafcfd']","[0.6396, 0.4056, 0.2964, 0.2184, 0.2496, 0.2184, 0.2652, 0.2028, 0.2652, 0.5304]"
38,"['8b9299', '8ecfe7', 'c33670', 'cad7e2', 'e7b59a', 'faefea']","[0.234, 0.5928, 0.2652, 0.2964, 0.3588, 0.3588, 0.1872, 0.3588, 0.2808, 0.234]"
39,"['848897', '8cd0e7', 'c73574', 'cec9d1', 'e4b18c', 'f7efed']","[0.3276, 0.312, 0.2964, 0.4992, 0.2964, 0.2028, 0.156, 0.2184, 0.5772, 0.3744]"
40,"['806662', '92d1e8', '9498b0', 'd6397a', 'e0c0af', 'f6eeeb']","[0.1872, 0.5148, 0.6552, 0.1716, 0.3276, 0.1716, 0.4524, 0.6552, 0.4056, 0.234]"
41,"['858c99', '8ccfe7', 'c83874', 'c9d4e0', 'e5b598', 'f9efeb']","[0.3744, 0.1248, 0.2964, 0.3276, 0.5304, 0.6084, 0.2964, 0.234, 0.2964, 0.2964]"
42,"['898fa2', '8fd2e9', 'bf3871', 'cfd0d7', 'e2b08a', 'f9efec']","[0.2184, 0.4992, 0.39, 0.6552, 0.2496, 0.312, 0.39, 0.1872, 0.2652, 0.4836]"
43,"['6f7878', '93d3e9', 'a1a5bc', 'c83673', 'e6b899', 'f6edeb']","[0.5304, 0.2652, 0.2184, 0.6552, 0.7332, 0.2808, 0.4836, 0.3276, 0.4368, 0.312]"
44,"['8fcfe6', '9e9497', 'c33672', 'd1dbe6', 'f9e1d4', 'fafcfc']","[0.4368, 0.2496, 0.1716, 0.3432, 0.4524, 0.3432, 0.3432, 0.5772, 0.4368, 0.39]"
45,"['898d98', '8cd0e8', 'c13871', 'c7d1de', 'e6b59b', 'f8efeb']","[0.5928, 0.78, 0.2184, 0.2808, 0.468, 0.39, 0.312, 0.4836, 0.2184, 0.4836]"
46,"['8dd0e7', '91959c', 'c13872', 'cad1dc', 'e7b499', 'f9efeb']","[0.5928, 0.624, 0.7644, 0.3276, 0.4992, 0.312, 0.4992, 0.2184, 0.4056, 0.3588]"
47,"['8b8a9d', '8dd1e9', 'c43471', 'c6cfdc', 'e6b593', 'f9efeb']","[0.4368, 0.2184, 0.4524, 0.5772, 0.5772, 0.468, 0.3276, 0.2652, 0.3588, 0.4056]"
48,"['858795', '8cd0e8', 'c6d2de', 'ca3473', 'ebb79b', 'f9efeb']","[0.3744, 0.4524, 0.312, 0.6552, 1.2012, 0.3432, 0.7176, 0.2964, 0.3432, 0.3276]"
49,"['868d9a', '8ccfe7', 'c23872', 'c9d1dd', 'e8b694', 'f8efeb']","[0.7488, 0.3588, 0.4368, 0.3588, 0.3744, 0.6708, 0.312, 0.3588, 0.7956, 0.312]"
50,"['8a929b', '8dd0e8', 'c33972', 'c5d0dc', 'e7b499', 'f9efeb']","[0.4992, 0.2808, 0.2964, 0.2964, 0.5304, 0.5772, 0.4992, 0.2496, 0.4212, 0.4524]"
51,"['848a97', '8fd2e9', 'c23772', 'c4c0cc', 'e7b38f', 'f7eeeb']","[0.6864, 0.6396, 0.5304, 0.5148, 0.2652, 0.8424, 0.7176, 0.4368, 0.4212, 0.6708]"
52,"['818598', '8dd0e7', 'c53771', 'c9d1dc', 'e2b594', 'f9efeb']","[1.3728, 0.6552, 0.5928, 0.9672, 0.4056, 0.4524, 0.4836, 0.4992, 0.3588, 0.4524]"
53,"['83889c', '90d1e8', 'c43772', 'ceccd4', 'e3b38c', 'f8efec']","[0.6708, 0.3276, 0.624, 0.4836, 0.7332, 0.3588, 0.4992, 0.6084, 0.5148, 0.5772]"
54,"['74385b', '8d909d', '93d0e7', 'd53879', 'e4b9a1', 'f5edeb']","[0.7644, 0.5928, 1.2636, 0.312, 0.4056, 0.5928, 0.4368, 0.936, 0.3588, 0.4992]"
55,"['8ecfe6', '9e9695', 'c13672', 'd1dbe7', 'fae0d3', 'fafbfc']","[0.468, 0.3744, 0.2808, 0.312, 0.4836, 0.702, 0.468, 0.3744, 0.468, 0.4212]"
56,"['83889b', '90d1e8', 'c53773', 'cbc5cd', 'e2af88', 'f7eeeb']","[0.8736, 0.5304, 1.014, 0.4368, 0.4056, 0.4368, 0.5772, 0.5304, 0.2964, 0.9672]"
57,"['773f60', '92949a', '93cfe6', 'd63779', 'e2bba9', 'f6edeb']","[0.2964, 0.4056, 0.4992, 1.4664, 0.8112, 0.8892, 0.4524, 0.5928, 0.4524, 0.7488]"
58,"['808384', '90d2e9', 'adb2c6', 'c73674', 'e7b69a', 'f6edeb']","[1.2948, 0.4836, 2.4025, 0.4212, 0.6396, 0.8424, 0.5772, 0.8424, 0.4212, 0.9516]"
59,"['8a8f9a', '93d0e7', 'c33872', 'deb6a1', 'f3f7fb', 'f7e5de']","[0.2652, 0.3276, 0.468, 0.624, 0.4836, 1.9812, 0.624, 0.5304, 0.3588, 0.4368]"
60,"['848c9a', '8dd0e8', 'c63874', 'c6d0dd', 'e6b594', 'f9efeb']","[0.3276, 0.6084, 0.7176, 0.6084, 0.7176, 0.9828, 1.2012, 0.4524, 0.7176, 0.7956]"
61,"['808591', '90d2e9', 'c1becc', 'c83674', 'e2b38e', 'f7eeeb']","[0.4524, 0.7644, 0.6864, 0.468, 0.39, 0.6396, 0.7488, 1.4196, 1.482, 0.6396]"
62,"['8a8f9d', '8dd0e8', 'c13772', 'c8d1dc', 'e4b695', 'f9efeb']","[1.248, 0.9516, 1.1856, 1.482, 1.7316, 0.8892, 1.1856, 0.4212, 0.5928, 0.7176]"
63,"['794264', '898ea1', '95cfe5', 'd5397a', 'e1b69b', 'f5edeb']","[0.702, 0.8268, 0.468, 1.5288, 0.3588, 1.7628, 0.4836, 0.702, 1.2948, 0.5304]"
64,"['803f61', '8b929e', '94cfe6', 'd7387a', 'e5baa2', 'f5edeb']","[0.6084, 1.7628, 0.7488, 0.5304, 0.858, 0.5616, 0.7332, 0.3744, 1.716, 1.0296]"
65,"['8dc8e1', 'a94b78', 'c4d2df', 'dcb38d', 'f7f9fb', 'fae6dd']","[0.936, 0.6864, 0.9984, 0.7488, 0.6084, 0.936, 0.4368, 0.5616, 0.936, 0.9984]"
66,"['858b96', '8dd0e8', 'c33572', 'c6ceda', 'e6b497', 'f8efec']","[0.5304, 1.0296, 0.702, 0.8424, 0.9048, 0.7488, 0.39, 0.7176, 1.092, 0.39]"
67,"['808696', '90d2e9', 'c63773', 'c6c1cc', 'e6b491', 'f7eeeb']","[1.0452, 0.5304, 0.5304, 0.468, 1.0764, 1.5288, 0.7332, 0.5304, 0.858, 1.2636]"
68,"['794362', '9095a2', '96d0e6', 'd53b7b', 'e5b99e', 'f6edeb']","[1.3416, 0.6084, 1.092, 1.2792, 1.4196, 0.6084, 0.624, 0.7488, 0.8268, 0.8112]"
69,"['888e9b', '8dd0e8', 'c23871', 'c7d3e0', 'e6b79b', 'f9efeb']","[0.8892, 0.4836, 0.4836, 0.9516, 0.4836, 0.6084, 0.8268, 1.0608, 1.014, 1.092]"
70,"['82889c', '8fd1e8', 'c33570', 'cdced7', 'e1b28f', 'f8efec']","[0.4368, 0.936, 0.5616, 1.6068, 0.9204, 1.1856, 0.9984, 1.0452, 0.6396, 0.78]"
71,"['838c9d', '8dd0e8', 'c23872', 'c8ced9', 'e5b491', 'f8efeb']","[1.0296, 0.8112, 1.9032, 0.7332, 1.3104, 1.248, 0.5928, 1.7628, 0.9516, 0.5928]"
72,"['848b9b', '8ed1e8', 'c33671', 'ccccd5', 'e2b090', 'f9efec']","[0.5928, 0.6708, 0.4524, 0.5928, 0.6084, 0.5928, 0.8892, 1.1856, 1.482, 0.6084]"
73,"['878d9d', '8dd0e8', 'c53773', 'c8d1dc', 'e5b391', 'f9efeb']","[0.8268, 0.9828, 0.4524, 0.6864, 2.028, 0.9048, 0.7488, 1.2012, 0.6396, 1.0608]"
74,"['878c9b', '8dd0e8', 'c63873', 'c8d1de', 'e5b696', 'f9efeb']","[0.6864, 0.7176, 0.624, 1.7628, 0.468, 0.7644, 0.624, 0.702, 0.6864, 0.7644]"
75,"['8dc8e1', 'a94d7b', 'c7d5e1', 'd8b28f', 'f7f9fc', 'fae6dc']","[0.9516, 0.8736, 0.5616, 0.6396, 1.0452, 0.9672, 1.1232, 0.9672, 0.7176, 0.7176]"
76,"['7b3b5d', '8a8ea1', '96cfe6', 'd8387a', 'e2b99c', 'f5edea']","[1.0608, 0.7176, 0.8892, 2.3556, 1.5288, 0.6552, 1.2792, 1.3728, 1.0608, 0.7332]"
77,"['767f95', '92d0e7', 'afa19c', 'c53572', 'e3c0ae', 'f5eeec']","[0.9828, 0.9204, 0.8268, 2.7768, 0.8268, 0.7488, 0.9048, 3.0264, 0.6552, 1.9032]"
78,"['7f858b', '90d3e9', 'b1b4c6', 'c53873', 'e9b99c', 'f6eeeb']","[1.1076, 0.858, 1.7004, 0.6864, 0.8424, 0.8736, 0.5148, 1.014, 0.936, 1.014]"
79,"['868b9d', '8ed0e8', 'c23872', 'c9d2dd', 'e5b595', 'f9efeb']","[0.9516, 0.702, 1.4664, 1.1232, 0.5148, 1.6848, 0.6864, 1.0452, 0.6864, 0.6084]"
80,"['80879a', '96cfe5', 'c53472', 'dfb393', 'f4f8fb', 'f5e3dd']","[1.2168, 1.0296, 1.0452, 0.78, 0.8736, 0.6864, 1.0452, 1.0452, 1.3104, 1.3104]"
81,"['878c96', '8dd0e7', 'c43672', 'c5ceda', 'e8b599', 'f8efeb']","[0.8892, 1.6848, 1.326, 0.9048, 0.9672, 0.546, 1.4196, 0.8736, 0.546, 0.9828]"
82,"['868c97', '8dd0e8', 'c53873', 'c7cfdb', 'e7b598', 'f9efeb']","[0.468, 1.5288, 0.6396, 1.17, 1.5444, 1.5132, 1.6224, 1.3572, 1.5288, 1.3572]"
83,"['847a6a', '93d0e7', '9598b6', 'cd3576', 'e5baa0', 'f5edeb']","[0.936, 0.5772, 0.6552, 0.936, 0.6552, 1.3416, 0.7644, 1.5912, 1.3104, 1.5132]"
84,"['754b62', '9093a1', '96cfe6', 'd53879', 'e6b99d', 'f5edeb']","[2.4648, 0.6708, 2.184, 1.326, 2.3868, 0.7644, 1.326, 0.7644, 2.9328, 0.6708]"
85,"['8dcbe3', 'a84c7c', 'c6d3e0', 'd2af91', 'f8fbfc', 'f9e6df']","[1.8564, 1.7472, 1.56, 0.78, 0.8892, 0.8736, 1.8408, 0.6864, 1.17, 0.5928]"
86,"['8ecfe6', 'b13f76', 'bca599', 'd1dbe6', 'fbe6dc', 'fbfcfd']","[1.4508, 1.2792, 2.34, 1.17, 1.17, 0.78, 0.9984, 0.9828, 0.78, 0.6864]"
87,"['858a9b', '8ed1e8', 'c43873', 'cccdd6', 'e4b491', 'f9efec']","[0.7956, 1.404, 0.9984, 1.6068, 0.9984, 0.9828, 1.9032, 0.702, 1.2012, 1.6848]"
88,"['83385c', '8b909c', '94d0e7', 'd73b7b', 'dfbba9', 'f5eeeb']","[3.2448, 1.1232, 2.8236, 3.3696, 1.1076, 1.2324, 1.4196, 4.1652, 0.8112, 1.1232]"
89,"['878b9d', '8ed1e8', 'c23771', 'c9cfd9', 'e4b391', 'f9efeb']","[0.936, 1.8876, 0.8424, 0.7332, 1.248, 3.12, 1.7628, 1.3572, 1.0452, 1.2636]"
90,"['838891', '8fd2e9', 'c1bfcd', 'c63773', 'e9b697', 'f6eeeb']","[0.858, 1.3884, 3.2136, 1.6068, 1.17, 0.9672, 2.028, 1.7161, 1.0608, 1.8252]"
91,"['898aaa', '92d1e8', '9aa662', 'c13671', 'debcaf', 'f6eeec']","[0.8736, 0.9672, 1.4352, 1.3104, 1.8252, 1.6224, 2.1684, 0.9828, 3.2448, 1.1856]"
92,"['848a9b', '8dd0e7', 'c53772', 'c8d2de', 'e3b494', 'f9efeb']","[3.0108, 0.8736, 1.248, 0.9828, 2.652, 0.858, 1.8565, 1.5444, 0.8112, 0.7644]"
93,"['888c97', '8cd0e8', 'c43872', 'c7d2de', 'e8b597', 'f9efeb']","[0.8892, 1.404, 0.8892, 1.2168, 0.8892, 1.2168, 1.0452, 1.56, 2.496, 1.3884]"
94,"['7f8596', '90d2e9', 'c53773', 'c6c1cc', 'e5b38f', 'f7eeeb']","[1.2792, 0.9048, 1.7472, 1.9656, 1.9189, 1.9344, 1.17, 1.0296, 0.9048, 1.872]"
95,"['858b9d', '8ed1e8', 'c23671', 'ceced6', 'e1b18f', 'f9efec']","[0.8112, 1.0608, 0.8112, 4.4616, 1.2168, 1.7472, 1.6224, 1.326, 1.7472, 3.1668]"
96,"['858b99', '94cee5', 'c33671', 'e0b397', 'f3f8fb', 'f5e3dd']","[0.9516, 1.7628, 2.0436, 1.8876, 1.248, 1.7628, 0.8268, 2.9952, 1.1856, 1.6692]"
97,"['868a9c', '8dd0e8', 'c53772', 'c8d2dd', 'e5b593', 'f9efeb']","[1.0764, 2.652, 2.8548, 1.4352, 0.5304, 0.8268, 1.7472, 2.1996, 0.5928, 1.014]"
98,"['848a9b', '8dd0e8', 'c43772', 'c7ceda', 'e5b592', 'f9efeb']","[1.4196, 3.2761, 0.9984, 1.794, 0.8736, 1.9812, 1.1076, 1.3728, 1.0296, 1.482]"
99,"['8dc9e2', 'ad4879', 'c6d3df', 'd3ae8f', 'f8fbfc', 'f9e6de']","[1.1232, 1.0452, 1.3884, 1.2636, 0.7488, 1.404, 1.7628, 1.5132, 0.9204, 0.8892]"
100,"['888e98', '8dd0e7', 'c33772', 'c8d1dd', 'e6b598', 'f9efeb']","[2.028, 0.936, 2.1528, 1.6536, 0.936, 2.184, 1.2792, 1.3104, 1.5288, 2.574]"
101,"['8688aa', '909e5e', '96cfe5', 'c53673', 'e6b99f', 'f5edeb']","[1.2012, 2.4337, 3.2292, 1.2948, 1.1388, 2.2464, 3.198, 1.2948, 3.6348, 0.9048]"
102,"['868b9d', '95cfe5', 'c23771', 'e1b494', 'f3f8fb', 'f5e4dd']","[0.9048, 1.8252, 3.5724, 0.9048, 5.2728, 1.7472, 1.8096, 3.4008, 3.1513, 1.7004]"
103,"['868a99', '8dd0e8', 'c53772', 'c6cfdb', 'e8b696', 'f8efeb']","[3.2448, 1.17, 1.4352, 0.936, 3.2604, 0.9204, 3.5412, 2.2308, 1.6068, 2.4648]"
104,"['868a9c', '8dd0e7', 'c23771', 'c9d2dd', 'e4b696', 'f9efeb']","[4.446, 3.2604, 1.8252, 5.4132, 2.6052, 0.9672, 6.2089, 1.4976, 1.5132, 1.6536]"
105,"['858a9d', '8dd0e7', 'c53772', 'c7d1dd', 'e2b492', 'f9efeb']","[0.9672, 1.638, 3.9468, 1.7784, 2.0592, 1.1076, 3.4164, 0.6864, 2.0436, 1.3572]"
106,"['878c97', '8cd0e8', 'c43772', 'c6cedb', 'e8b597', 'f8efeb']","[2.6208, 1.3728, 1.638, 1.092, 1.1232, 1.5132, 1.2324, 1.092, 1.1076, 0.9672]"
107,"['888bad', '94d0e7', '989b65', 'c23572', 'e2bba7', 'f6edeb']","[1.326, 2.1684, 0.5772, 0.858, 3.6036, 1.4508, 1.7004, 2.6052, 1.2792, 1.326]"
108,"['858a9b', '8dd0e7', 'c33671', 'c8d2dd', 'e4b594', 'f9efeb']","[1.2948, 2.1528, 1.17, 2.5896, 1.9032, 1.4508, 1.6068, 1.6068, 1.326, 1.2948]"
109,"['7f8394', '8fd2e9', 'c2bfcc', 'c63773', 'e4b38e', 'f7eeeb']","[2.2152, 4.2588, 1.4664, 1.6224, 3.2448, 1.6068, 1.8876, 2.9484, 2.7612, 1.7784]"
110,"['878d9d', '8dd0e8', 'c23772', 'c8d1dd', 'e3b594', 'f9efeb']","[1.6224, 1.3104, 1.3572, 2.7924, 1.6224, 1.17, 2.8392, 4.7736, 4.3057, 1.482]"
111,"['8fc8e1', 'aa4d7b', 'd1dbe7', 'dab290', 'fafcfd', 'fbe6dd']","[1.5132, 1.3884, 2.0904, 2.0904, 1.6536, 0.7332, 1.2012, 2.0904, 2.6988, 2.3868]"
112,"['828798', '90d2e9', 'c53773', 'c5c1cd', 'e5b48f', 'f7eeeb']","[0.9048, 1.2168, 1.9656, 1.4976, 1.0608, 1.4976, 2.028, 1.0452, 0.9204, 1.3728]"
113,"['8a919c', '8c355d', '95cfe6', 'd93b7c', 'e1b9a4', 'f5edeb']","[2.184, 0.7644, 2.34, 3.2448, 2.6364, 4.6644, 2.496, 1.716, 1.9968, 3.7284]"
114,"['828891', '90d2e9', 'c4c1cd', 'c73673', 'e7b393', 'f7eeeb']","[1.4508, 3.6036, 1.56, 1.56, 1.248, 1.56, 2.2308, 7.2229, 1.3104, 2.3556]"
115,"['848a94', '90d2e9', 'c43672', 'c4c1cd', 'e9b594', 'f7eeeb']","[3.6504, 0.9828, 1.8876, 1.1076, 2.3712, 1.5912, 2.0904, 1.8876, 1.1232, 2.3556]"
116,"['858a9b', '95cfe5', 'c43772', 'e0b495', 'f2e4e0', 'f9fcfd']","[2.7612, 5.7253, 1.3104, 1.4664, 2.1372, 0.9828, 3.2916, 1.8096, 0.9672, 2.1372]"
117,"['848a99', '8dd0e8', 'c33772', 'c7d0db', 'e4b494', 'f9efeb']","[1.6536, 1.1388, 4.8673, 1.3104, 2.6208, 1.638, 0.9672, 2.1216, 1.4664, 1.6224]"
118,"['808695', '90d2e9', 'c3c0cd', 'c53773', 'e5b490', 'f6eeeb']","[1.8252, 1.6692, 1.17, 2.3244, 1.17, 3.0108, 1.5132, 4.6644, 0.8268, 0.858]"
119,"['86355e', '8a919c', '96cfe5', 'd73b7b', 'e4b89e', 'f5edeb']","[1.17, 1.1856, 3.6816, 1.3572, 1.5132, 1.5288, 3.51, 3.3696, 2.496, 1.6848]"
120,"['838993', '90d2e9', 'c4c1ce', 'c73773', 'e8b594', 'f6eeeb']","[2.5584, 1.5288, 1.014, 2.2308, 1.5444, 2.8704, 0.858, 1.872, 3.4008, 2.5428]"
121,"['7a4660', '8d92a4', '96cfe6', 'd5397a', 'e4b79c', 'f5edeb']","[4.1496, 3.7596, 2.0592, 4.4616, 1.716, 0.6864, 1.716, 1.9032, 1.56, 1.0296]"
122,"['859160', '8c8eae', '95d0e6', 'c63773', 'e3b9a2', 'f5edeb']","[2.496, 1.5912, 1.2168, 1.4196, 2.2932, 1.0764, 2.652, 3.0264, 2.4648, 1.4352]"
123,"['868c96', '96cee5', 'c43772', 'e2b498', 'f3f8fb', 'f6e4dd']","[1.6224, 2.1372, 1.95, 2.9016, 4.6488, 3.0264, 1.4664, 2.3089, 1.4196, 4.6488]"
124,"['848f61', '8c8eae', '95d0e6', 'c63673', 'e4b8a1', 'f5edeb']","[1.1232, 2.1685, 2.184, 3.1044, 2.0436, 1.092, 1.9812, 1.4508, 1.5132, 3.6504]"
125,"['8fc8e1', 'aa4c7a', 'd1dbe6', 'd9b190', 'fafcfd', 'fbe6dd']","[2.4024, 2.7924, 1.8408, 1.3416, 1.1232, 4.4772, 4.7892, 2.964, 2.9952, 1.4976]"
126,"['727787', '8cd1e9', 'b5b1c2', 'c53170', 'eab68c', 'f8efec']","[3.198, 1.2636, 1.3884, 4.4616, 5.0544, 6.3805, 2.9796, 7.8313, 2.964, 2.3556]"
127,"['713657', '83899a', '90cfe7', 'd83579', 'e3b795', 'f8efec']","[2.3713, 4.446, 3.4164, 4.2588, 4.6488, 6.7861, 1.5132, 4.1808, 3.5568, 2.9796]"
128,"['6b455f', '8d929d', '8fd0e8', 'd73479', 'e6b99c', 'f8efec']","[1.326, 3.6348, 1.716, 5.8189, 4.7736, 7.5037, 7.4569, 6.4585, 2.1372, 8.8141]"
129,"['757b8d', '8fcee6', 'c3326f', 'ddb394', 'f5e6e1', 'fcfcfd']","[2.418, 4.7892, 3.0732, 2.5896, 4.5708, 2.1684, 3.042, 4.758, 2.5896, 0.858]"
130,"['7a7e90', '8ccee7', 'c4316f', 'd6dde9', 'e0b594', 'fcf1ec']","[1.7472, 2.2152, 7.2541, 1.9812, 2.1996, 1.326, 2.2152, 2.4648, 5.2572, 2.0436]"
131,"['7b7f90', '8fcee7', 'c3326f', 'ddb493', 'f6e5e0', 'fafcfd']","[2.4336, 1.9968, 1.326, 5.226, 2.8548, 3.3072, 3.4944, 3.51, 3.51, 2.418]"
132,"['8bcae4', '9f4a77', 'd4af91', 'd6deeb', 'fce7dd', 'fcfdfd']","[8.3617, 5.1793, 3.3696, 1.1232, 7.8625, 1.3572, 1.7784, 5.1792, 2.4648, 4.9452]"
133,"['835676', '8bcae3', 'd1d8e5', 'df8a86', 'fbfcfd', 'fce7dd']","[8.5021, 4.5708, 4.1496, 2.0904, 7.1293, 5.0388, 1.9032, 2.2932, 4.1652, 2.496]"
134,"['747b90', '8fcee7', 'c4326f', 'dab393', 'f6e5e0', 'fafcfd']","[1.8096, 1.5912, 4.0872, 7.3165, 7.2541, 2.964, 2.73, 6.5677, 3.9156, 6.8019]"
135,"['6e4e64', '8fd0e8', '9297a4', 'd73478', 'eab998', 'f8efec']","[2.886, 2.5584, 2.4024, 4.5552, 11.9341, 8.5645, 5.4289, 6.1153, 7.5661, 10.6081]"
136,"['6d6f7e', '8dd1e9', 'aaa9bb', 'c63171', 'eab88f', 'f8efec']","[5.2728, 6.0061, 2.4492, 1.9188, 3.1356, 2.1528, 4.3212, 1.9032, 4.0872, 3.3852]"
137,"['8bcbe4', '9e4a77', 'd2af92', 'd8dfec', 'fce7dd', 'fdfdfd']","[1.9032, 3.5724, 1.6536, 11.4661, 3.8064, 4.29, 2.8704, 1.17, 10.2649, 1.9344]"
138,"['787e92', '8fcee6', 'c3326f', 'dcb391', 'f7f9fb', 'f8e5de']","[4.0872, 4.1028, 6.1777, 4.7736, 1.9032, 3.1044, 3.1044, 5.4913, 3.3228, 5.7252]"
139,"['6d455e', '8b90a4', '8fd0e8', 'd63578', 'e4b896', 'f8efec']","[2.4492, 3.198, 8.7985, 10.4989, 4.3992, 9.2821, 1.95, 2.9172, 4.6488, 4.8984]"
140,"['767c8f', '8ecee7', 'c4326f', 'ddb596', 'f5e6e1', 'fbfcfd']","[7.1137, 2.1996, 2.2308, 1.7316, 2.4648, 2.9484, 2.7144, 2.9484, 1.4664, 4.4304]"
141,"['777c8d', '8fcee7', 'c53270', 'dcb496', 'f5e6e1', 'fbfdfd']","[4.8204, 5.2572, 2.5116, 1.7628, 2.262, 3.3228, 5.2884, 2.262, 2.5117, 4.3368]"
142,"['6f3c57', '858b9e', '8fcfe7', 'd63578', 'e3b895', 'f8efec']","[5.07, 5.0544, 4.3524, 2.2464, 2.2776, 3.2916, 2.7768, 8.0497, 3.0888, 3.5257]"
143,"['6b425e', '8e929c', '90d0e8', 'd63578', 'e9b999', 'f7efec']","[2.5272, 8.5957, 7.6284, 4.3368, 4.5552, 3.0732, 6.0529, 3.5568, 3.0264, 4.3212]"
144,"['6f3b57', '858b9c', '8fcfe7', 'd73579', 'e1b797', 'f8efec']","[2.3401, 3.9312, 2.6988, 4.6956, 1.8252, 2.3244, 3.1512, 7.2229, 7.0357, 4.9296]"
145,"['6f4962', '90d0e8', '9196a3', 'd83479', 'e9b997', 'f8efec']","[2.8704, 3.6661, 2.3868, 3.1824, 3.4632, 2.964, 2.418, 2.3712, 3.978, 6.6925]"
146,"['787c8e', '8ad0e8', 'c1c5d4', 'c53270', 'e6b58d', 'f9f0ec']","[3.4632, 4.3056, 6.6301, 6.3493, 1.9032, 3.1981, 2.4336, 4.7893, 6.3804, 2.9796]"
147,"['797d8e', '8acfe8', 'c2316f', 'c3cbda', 'e5b58f', 'faf0ec']","[2.2152, 3.4632, 3.5568, 3.8064, 1.3416, 2.4336, 4.446, 4.0404, 8.1433, 2.418]"
148,"['6f7080', '8cd1e9', 'adacbf', 'c73271', 'e8b68c', 'f8efec']","[3.2604, 2.2464, 4.3369, 3.2916, 5.1948, 3.0264, 3.8376, 5.4444, 3.2604, 4.1184]"
149,"['757b8d', '8fcee6', 'c53170', 'dbb394', 'f5e6e1', 'fbfcfd']","[2.7924, 12.4021, 3.0108, 7.2541, 5.8189, 3.8533, 4.1496, 10.2961, 2.7612, 3.6972]"
150,"['797d8e', '8ad0e8', 'c0c5d4', 'c43270', 'e7b68e', 'f9f0ec']","[6.5052, 6.1933, 18.7046, 2.8392, 5.1012, 8.6581, 4.212, 15.0541, 4.1496, 3.6036]"
151,"['6e4960', '8c91a6', '8fd0e8', 'd73579', 'e4b897', 'f8efec']","[4.7268, 6.3649, 2.7612, 2.7612, 9.6877, 2.7456, 2.5272, 2.496, 5.5537, 2.496]"
152,"['6e5067', '8fd0e8', '969aa4', 'd63478', 'ebb999', 'f8efec']","[8.4553, 6.1621, 3.4632, 2.8392, 1.7004, 9.7189, 3.5256, 1.9656, 6.4897, 2.5584]"
153,"['89cae4', 'a04976', 'c7d3e2', 'd6af8f', 'f9e7e0', 'fbfcfd']","[5.6785, 4.5084, 6.2245, 6.2245, 3.6816, 4.5396, 4.8048, 7.3477, 3.9624, 7.0981]"
154,"['7b8091', '8bcee7', 'c3326f', 'd4dce9', 'e2b694', 'fcf1ec']","[5.148, 4.0092, 4.4148, 5.4444, 4.0092, 2.574, 3.432, 2.8548, 2.6208, 6.5677]"
155,"['727686', '8cd1e9', 'b3b0c1', 'c53170', 'e9b68b', 'f8efec']","[4.3992, 7.7221, 9.9997, 3.51, 4.1028, 2.652, 11.7157, 2.9173, 6.2712, 2.9328]"
156,"['6e4a63', '8fd0e8', '9096a1', 'd73579', 'eab999', 'f8efec']","[1.7628, 3.5412, 3.2604, 2.9328, 6.2401, 2.6364, 3.5412, 4.7424, 11.2477, 3.0264]"
157,"['713b59', '868c9d', '8fcfe7', 'd83579', 'e4b897', 'f8efec']","[5.3821, 3.2916, 3.276, 3.2448, 2.6988, 3.5569, 6.24, 2.0904, 4.7113, 8.034]"
158,"['797f91', '8fcfe7', 'c1316e', 'deb493', 'f5e6e1', 'fbfcfd']","[2.1216, 4.5396, 4.5396, 3.0108, 2.73, 2.418, 5.1636, 3.6192, 4.524, 5.4756]"
159,"['797f8f', '8ad0e8', 'c2c9d8', 'c3316f', 'e7b68e', 'f9f0ec']","[4.5396, 3.6348, 3.0264, 6.6613, 6.5209, 2.7145, 7.5816, 3.9312, 6.3493, 5.1324]"
160,"['767c8e', '8fcee6', 'c43270', 'ddb393', 'f5e5e1', 'fbfcfd']","[2.1528, 4.2744, 5.2104, 3.666, 3.9936, 3.6504, 4.29, 4.8828, 2.1216, 5.1948]"
161,"['707280', '8cd1e9', 'adacbe', 'c63271', 'eab78c', 'f8efec']","[3.4632, 4.3524, 4.0716, 10.5613, 5.8969, 3.744, 2.1684, 4.368, 4.0404, 4.992]"
162,"['7a8091', '8ad0e8', 'c1316e', 'c2c6d5', 'e7b48c', 'f9f0ec']","[4.4304, 3.8064, 3.1356, 3.1044, 3.7597, 4.6644, 6.2869, 3.4476, 3.4476, 2.4804]"
163,"['6c6271', '8dd1e9', 'a0a3b8', 'cf3375', 'e8b78f', 'f8efec']","[5.6316, 6.3337, 4.7268, 10.1401, 4.1184, 7.3477, 13.2601, 4.7268, 15.2569, 1.8876]"
164,"['703e59', '868ca1', '90cfe7', 'd73579', 'e1b796', 'f8efec']","[3.5568, 3.5256, 14.5081, 5.1948, 2.5584, 4.8516, 3.5412, 5.1636, 2.7612, 3.5724]"
165,"['777c8e', '8fcee7', 'c4316f', 'dbb495', 'f5e6e1', 'fcfdfd']","[13.0729, 9.6721, 4.8672, 8.4241, 7.8001, 4.212, 6.4585, 1.9188, 3.6816, 4.524]"
166,"['767c8e', '8fcee6', 'c3326f', 'ddb493', 'f5e6e1', 'fcfdfd']","[2.3244, 3.3072, 2.9796, 3.2916, 1.6224, 5.2572, 18.7046, 3.9, 4.212, 4.0092]"
167,"['7c8192', '8ad0e8', 'c1316e', 'c3cad8', 'e7b58d', 'faf0ec']","[2.3088, 3.3072, 7.2073, 3.6972, 5.5224, 5.7877, 6.0217, 7.0045, 3.1044, 4.1028]"
168,"['6f455d', '8b90a3', '8fd0e8', 'd73578', 'e4b997', 'f8efec']","[5.0232, 2.3712, 6.1465, 5.1012, 4.3056, 8.2525, 3.9936, 2.3556, 3.6972, 6.6613]"
169,"['797e8f', '8ecee7', 'c3316f', 'dcb495', 'f5e6e1', 'fbfdfd']","[5.8813, 5.9593, 11.3257, 6.9889, 3.9936, 2.34, 6.3337, 4.6956, 10.4365, 3.6972]"
170,"['6f707f', '8cd1e9', 'aaaabc', 'c83272', 'e8b68d', 'f8efec']","[12.7297, 4.3524, 2.6832, 3.3696, 2.0748, 4.1497, 14.6953, 9.7189, 8.0341, 4.68]"
171,"['6d4c61', '8e94a7', '8fd0e8', 'd63578', 'e5b896', 'f8efec']","[3.0264, 2.3401, 14.4457, 3.3696, 4.7268, 3.6816, 6.3493, 5.382, 4.368, 11.7157]"
172,"['757b8e', '8fcee7', 'c4326f', 'dbb394', 'f7fafc', 'f8e5de']","[7.4725, 3.0576, 2.7144, 3.0576, 3.0576, 1.7004, 3.7128, 2.7456, 6.1153, 11.3413]"
173,"['6c4a62', '8fd0e8', '9094a6', 'd73578', 'e6b996', 'f8efec']","[4.5396, 4.1496, 18.0182, 2.418, 3.1512, 2.4336, 1.7316, 14.2897, 2.418, 7.3165]"
174,"['797e90', '8ad0e8', 'c2cad9', 'c3316f', 'e6b68e', 'faf0ec']","[5.5536, 4.1653, 6.3492, 5.6317, 7.4257, 3.1512, 4.9608, 2.5428, 3.1044, 2.8704]"
175,"['6f4760', '8f949e', '8fd0e8', 'd73479', 'e9b999', 'f8efec']","[4.6956, 5.6941, 4.2588, 4.68, 3.5568, 3.9468, 4.9921, 5.3352, 4.6332, 3.2293]"
176,"['6e5166', '8fd0e8', '9498aa', 'd53578', 'e8b893', 'f8efec']","[2.5116, 2.8548, 2.4648, 5.3664, 3.5568, 7.4725, 3.1512, 2.1216, 3.1668, 9.5473]"
177,"['6c4c63', '8fd0e8', '9297a3', 'd73579', 'e9b999', 'f8efec']","[3.1824, 18.8918, 2.8236, 3.5568, 6.3493, 4.2588, 6.0061, 3.1824, 3.2604, 14.8513]"
178,"['777c8e', '8ad0e8', 'c1c5d4', 'c53270', 'e6b58e', 'f9f0ec']","[9.7189, 6.4741, 4.6956, 5.0388, 2.8704, 4.3992, 3.6348, 5.1324, 3.2448, 6.9421]"
179,"['787d8d', '8ad0e8', 'c1c5d4', 'c4316f', 'e7b58e', 'f9f0ec']","[4.7892, 6.2245, 2.5272, 5.0856, 8.3149, 8.3461, 5.7721, 11.6065, 5.8033, 3.6192]"
180,"['7b8090', '8ad0e8', 'c1316e', 'c2cad8', 'e7b68e', 'faf0ec']","[2.964, 7.7845, 5.6004, 5.5693, 7.4257, 6.3181, 4.8048, 4.9452, 5.1636, 3.3228]"
181,"['787d8e', '8ad0e8', 'c1c4d3', 'c3316f', 'e7b58c', 'f9f0ec']","[4.4616, 4.0404, 4.0716, 3.6816, 8.7829, 2.964, 6.7081, 9.2509, 2.574, 5.2104]"
182,"['6c6473', '8dd1e9', 'a0a3b8', 'cd3374', 'e8b890', 'f8efec']","[7.1137, 5.2573, 13.8685, 3.744, 5.9905, 14.5237, 18.0026, 13.1041, 13.4317, 5.2416]"
183,"['6f405a', '868c9d', '90cfe7', 'd73579', 'e3b897', 'f8efec']","[4.5552, 3.8844, 6.0841, 5.7253, 3.9, 3.822, 1.8876, 5.3196, 6.9265, 1.8876]"
184,"['6d4e64', '8f94a8', '8fd0e8', 'd63578', 'e5b895', 'f8efec']","[3.7752, 11.4349, 7.9717, 18.8606, 4.5084, 6.9733, 6.6145, 6.1309, 6.0997, 4.8828]"
185,"['6b4d62', '8f94a6', '8fd0e8', 'd63478', 'e6b895', 'f8efec']","[4.6332, 7.3321, 4.6176, 2.7456, 6.1621, 4.2432, 5.0232, 8.5333, 11.6065, 3.1044]"
186,"['70707f', '8cd1e9', 'ababbe', 'c83272', 'e9b78c', 'f8efec']","[11.0137, 7.3945, 6.2868, 7.4257, 3.1356, 7.0201, 3.1513, 3.9156, 1.9344, 2.7612]"
187,"['757a94', '8fcfe7', 'b9a96b', 'c3316f', 'e2b9a7', 'f8efec']","[5.1168, 7.0357, 2.34, 6.6769, 15.7561, 10.2181, 9.0793, 5.8657, 4.6644, 7.0669]"
188,"['6f4c63', '8f94a8', '8fd0e8', 'd73579', 'e6b895', 'f8efec']","[5.5224, 5.1168, 2.808, 2.3244, 6.3025, 5.148, 11.0293, 3.9468, 16.1461, 13.3225]"
189,"['727892', '8fcee7', 'b9a96c', 'c43170', 'e1b9a7', 'f8efec']","[4.4148, 5.5849, 5.382, 14.6641, 3.198, 4.0092, 6.5521, 6.0997, 6.5209, 9.4537]"
190,"['6d4c62', '8fd0e8', '9094a8', 'd63579', 'e6b895', 'f8efec']","[7.7377, 3.2604, 13.9309, 5.6628, 3.6504, 8.0965, 4.8516, 6.8797, 8.0965, 8.0964]"
191,"['6e4a60', '8e92a5', '8fd0e8', 'd73579', 'e5b896', 'f8efec']","[4.0404, 5.7097, 4.4929, 9.1416, 4.9452, 3.9156, 7.9249, 3.2136, 6.1465, 4.4148]"
192,"['703757', '848a9b', '8fcfe7', 'd73679', 'e1b899', 'f8efec']","[4.1496, 3.276, 14.5394, 3.2292, 5.1324, 2.496, 6.2245, 6.6457, 3.1824, 13.2757]"
193,"['777e90', '8fcee7', 'c3326f', 'dcb495', 'f6e6e0', 'fafcfd']","[11.4661, 6.3337, 10.4677, 7.8157, 4.9452, 5.3508, 2.8705, 7.3944, 8.1745, 5.304]"
194,"['6e6f80', '8cd1e9', 'acabbe', 'c83272', 'e8b68c', 'f8efec']","[9.2041, 5.8189, 13.7437, 7.4881, 3.3228, 2.0748, 16.6298, 9.5629, 2.9016, 5.4132]"
195,"['6c6d7d', '8cd1e9', 'a7a8bc', 'c83272', 'e9b88f', 'f8efec']","[2.9016, 8.2525, 4.5552, 4.134, 4.9764, 3.7284, 5.382, 2.8704, 3.3072, 7.9873]"
196,"['7a7f91', '8acfe8', 'c1316e', 'c3c9d7', 'e7b58d', 'faf0ec']","[5.8813, 5.8968, 8.5021, 4.7112, 3.432, 3.8688, 13.6657, 10.2805, 7.8937, 8.0809]"
197,"['797e8e', '8ad0e8', 'c0c5d4', 'c4326f', 'e7b58e', 'f9f0ec']","[4.7736, 8.6269, 3.588, 6.9109, 9.0481, 4.3212, 3.8844, 4.3368, 3.042, 7.2853]"
198,"['8bcbe4', 'a14876', 'd1ae93', 'd5deeb', 'fce7dd', 'fcfdfd']","[3.4476, 3.9469, 4.7892, 3.9468, 3.0108, 6.5833, 2.5584, 5.2416, 3.51, 3.0888]"
199,"['787d8f', '8fcee7', 'c43270', 'dcb494', 'f5e5e0', 'fafcfd']","[4.4148, 4.4148, 9.2665, 5.2104, 4.7736, 5.6629, 5.6784, 5.1948, 3.5256, 4.3368]"
200,"['6f415e', '8b919d', '8fcfe8', 'd73579', 'e7b99a', 'f8efec']","[10.5613, 6.5989, 6.4741, 14.0869, 4.0093, 3.6816, 3.6348, 2.7612, 6.8329, 4.9296]"
